#run:fill,time,nls,ncms,delivered(/fb),recorded(/fb)
378985:9474,04/06/24 00:24:34,768,768,0.000251636,0.000248158
378993:9475,04/06/24 08:01:17,80,79,0.000078340,0.000075069
379006:9475,04/06/24 10:52:20,23,23,0.000034543,0.000033845
379011:9475,04/06/24 11:58:18,399,399,0.000504597,0.000456245
379012:9475,04/06/24 14:37:43,73,73,0.000082533,0.000081406
379028:9476,04/06/24 19:56:15,534,534,0.000758387,0.000740666
379031:9476,04/07/24 00:02:34,289,289,0.000379032,0.000371124
379058:9479,04/07/24 09:34:30,826,826,0.009956905,0.009697763
379075:9483,04/08/24 02:29:09,375,375,0.004163003,0.004066712
379154:9485,04/08/24 22:13:02,1049,1049,0.011531203,0.011253902
379238:9496,04/10/24 16:44:48,286,286,0.017584003,0.016972106
379243:9497,04/10/24 20:30:21,299,299,0.019508292,0.019185687
379252:9499,04/11/24 01:57:11,644,644,0.045714724,0.044646290
379253:9499,04/11/24 06:08:54,104,104,0.007893492,0.007785590
379338:9510,04/12/24 14:27:21,170,170,0.012900885,0.011673167
379355:9512,04/13/24 03:39:10,20,20,0.003016859,0.002867533
379416:9517,04/14/24 17:34:18,195,195,0.042223999,0.039665176
379420:9518,04/14/24 21:02:55,516,516,0.112159104,0.105915354
379425:9519,04/15/24 02:03:52,203,203,0.038950014,0.036662559
379433:9520,04/15/24 05:13:11,21,21,0.001445962,0.001317406
379442:9521,04/15/24 07:07:46,269,269,0.056124393,0.052826824
379454:9523,04/15/24 11:25:22,498,498,0.108599939,0.098761520
379456:9523,04/15/24 14:47:09,1199,1199,0.213867768,0.200930037
379470:9525,04/16/24 00:38:26,794,794,0.176689134,0.166290707
379530:9530,04/17/24 01:12:13,593,593,0.191940700,0.179354912
379613:9537,04/18/24 03:20:17,120,120,0.031984748,0.030215392
379617:9537,04/18/24 04:23:35,664,664,0.225950277,0.212173331
379618:9537,04/18/24 08:43:50,360,360,0.102654407,0.098876336
379660:9539,04/18/24 16:49:04,1507,1507,0.436403975,0.420688731
379661:9539,04/19/24 02:37:20,406,406,0.080810141,0.079727835
379729:9543,04/19/24 17:38:45,1465,1465,0.460166083,0.446076940
379765:9548,04/20/24 14:03:25,1695,1695,0.557740932,0.529987228
379774:9549,04/21/24 03:13:58,157,157,0.052104114,0.049674628
379866:9559,04/23/24 20:37:55,1347,1347,0.282317013,0.274846900
379984:9562,04/25/24 11:47:58,913,913,0.239496848,0.232848100
380001:9564,04/25/24 20:39:17,691,691,0.240209574,0.231830483
380005:9565,04/26/24 03:10:19,1062,1062,0.368833019,0.353536384
380007:9565,04/26/24 10:12:08,129,129,0.037005951,0.035178888
380029:9566,04/26/24 15:02:20,55,55,0.011268058,0.010387435
380030:9566,04/26/24 15:37:30,346,346,0.146323394,0.138848435
380032:9566,04/26/24 19:11:02,19,19,0.007326713,0.006891669
380033:9566,04/26/24 19:21:25,53,53,0.020904664,0.019948303
380043:9567,04/26/24 22:44:31,900,900,0.360928718,0.343330821
380049:9568,04/27/24 07:10:37,871,871,0.354756046,0.334706934
380051:9568,04/27/24 12:55:48,735,735,0.226861352,0.218611685
380052:9568,04/27/24 17:45:43,12,12,0.003076304,0.002876220
380053:9568,04/27/24 17:57:47,128,128,0.031645991,0.030658378
380056:9568,04/27/24 18:55:05,168,168,0.037300450,0.035874233
380066:9569,04/27/24 22:17:19,552,552,0.221529184,0.210832262
380074:9570,04/28/24 06:24:04,1306,1306,0.488723049,0.467767458
380115:9573,04/29/24 09:42:28,1792,1792,0.634849067,0.610061044
380126:9574,04/29/24 23:29:59,952,952,0.407526323,0.381420662
380127:9574,04/30/24 05:43:19,535,535,0.175591301,0.169911028
380128:9574,04/30/24 09:15:04,387,387,0.102805180,0.100188861
380195:9575,04/30/24 23:30:14,7,7,0.003203024,0.002943249
380197:9575,05/01/24 00:09:50,357,357,0.164309292,0.155412686
380235:9579,05/01/24 17:29:48,256,256,0.102251889,0.095800937
380236:9579,05/01/24 19:12:09,57,57,0.026240772,0.023446994
380238:9579,05/01/24 20:06:47,25,25,0.011461516,0.010656638
380306:9585,05/02/24 19:54:33,246,246,0.098996363,0.091637427
380308:9585,05/02/24 21:44:38,35,35,0.016105719,0.013512556
380309:9585,05/02/24 22:01:23,351,351,0.161127170,0.149907124
380310:9585,05/03/24 00:19:19,1131,1131,0.382648453,0.369739147
380346:9593,05/03/24 16:31:34,566,566,0.242352693,0.227595311
380348:9593,05/03/24 20:21:15,341,341,0.137391317,0.130333030
380349:9593,05/03/24 22:39:04,695,695,0.212080206,0.205558384
380360:9594,05/04/24 06:56:16,1928,1928,0.680871385,0.655327190
380377:9602,05/04/24 23:50:36,420,420,0.179815128,0.170021948
380384:9603,05/05/24 06:57:47,751,751,0.328775268,0.311374383
380385:9603,05/05/24 11:54:10,1247,1247,0.395580991,0.381880031
380399:9604,05/05/24 23:17:17,494,494,0.208244994,0.198066744
380403:9604,05/06/24 03:21:24,251,251,0.106418496,0.101433755
380444:9605,05/06/24 15:21:13,325,325,0.144634331,0.134492556
380446:9605,05/06/24 17:33:05,1026,1026,0.409602811,0.392297458
380447:9605,05/07/24 00:20:05,810,810,0.208137319,0.203316370
380466:9606,05/07/24 09:21:16,477,477,0.206076563,0.191375864
380470:9606,05/07/24 13:06:34,1634,1634,0.523962227,0.508126600
380481:9608,05/08/24 05:37:58,860,860,0.375790031,0.354526675
380513:9609,05/08/24 20:35:34,1158,1158,0.488104718,0.463659292
380517:9609,05/09/24 04:20:58,39,39,0.013272158,0.012564357
380531:9610,05/09/24 07:02:24,1024,1023,0.438943747,0.412963000
380534:9610,05/09/24 13:56:20,746,746,0.226270285,0.219694281
380537:9610,05/09/24 19:09:12,58,58,0.014321158,0.013808230
380538:9610,05/09/24 19:36:56,144,144,0.032444749,0.031779333
380564:9611,05/09/24 23:47:54,742,742,0.326378483,0.308264514
380567:9611,05/10/24 04:54:24,1081,1081,0.341134205,0.331445292
380623:9614,05/11/24 20:40:52,388,388,0.164093400,0.154038705
380624:9614,05/11/24 23:16:57,809,809,0.329971193,0.314444173
380625:9614,05/12/24 04:34:00,7,7,0.002301493,0.002141493
380626:9614,05/12/24 04:39:38,14,14,0.004557621,0.004222935
380627:9614,05/12/24 04:48:42,808,808,0.218495979,0.213490065
380647:9618,05/12/24 22:28:59,375,375,0.163991139,0.148849042
380649:9618,05/13/24 01:56:15,401,401,0.168912668,0.159359458
380933:9651,05/19/24 16:19:32,773,773,0.012026086,0.011886862
380945:9653,05/20/24 06:39:35,245,245,0.100661698,0.094984174
380947:9653,05/20/24 11:38:49,823,823,0.264397583,0.256442339
380963:9654,05/20/24 20:42:43,922,922,0.371882883,0.354684763
381022:9659,05/21/24 23:53:15,586,586,0.214167437,0.202525362
381053:9661,05/22/24 09:14:55,108,108,0.033847071,0.032355940
381065:9662,05/22/24 12:16:48,791,791,0.350896167,0.328507047
381067:9662,05/22/24 17:33:10,313,313,0.123708741,0.118860760
381069:9662,05/22/24 20:20:02,307,307,0.098575098,0.093564541
381070:9662,05/22/24 22:21:18,425,425,0.115851656,0.113297764
381075:9663,05/23/24 03:44:42,426,426,0.184056378,0.173486014
381078:9663,05/23/24 06:53:58,334,334,0.144260754,0.134776654
381079:9663,05/23/24 09:06:56,396,396,0.139029667,0.132526351
381080:9663,05/23/24 11:44:26,336,336,0.098391363,0.094322214
381113:9664,05/23/24 18:23:22,238,234,0.094072637,0.087983609
381114:9664,05/23/24 20:11:10,458,458,0.210547463,0.196903116
381115:9664,05/23/24 23:12:32,1294,1294,0.407971763,0.395036440
381147:9666,05/24/24 11:18:29,186,186,0.075376924,0.070591424
381148:9666,05/24/24 12:38:03,264,264,0.124192747,0.116128225
381149:9666,05/24/24 14:31:15,133,133,0.062432824,0.058211305
381150:9666,05/24/24 15:25:36,42,41,0.019167148,0.017518065
381151:9666,05/24/24 15:45:18,851,851,0.305241806,0.290881692
381152:9666,05/24/24 21:19:14,193,193,0.052703735,0.051063315
381164:9667,05/25/24 00:51:30,1151,1151,0.518979491,0.485292849
381190:9670,05/25/24 13:16:44,1098,1098,0.493326905,0.461764142
381191:9670,05/25/24 20:25:58,1121,1121,0.335609512,0.325475207
381199:9672,05/26/24 09:25:18,150,150,0.056764611,0.052696453
381212:9674,05/27/24 04:02:15,372,372,0.167162649,0.156737286
381286:9677,05/27/24 16:09:15,711,711,0.325922761,0.301259101
381309:9680,05/28/24 06:47:14,425,425,0.192311089,0.180774982
381358:9683,05/28/24 18:58:02,3,3,0.000643621,0.000455269
381364:9684,05/28/24 21:34:05,382,382,0.166766207,0.155763654
381365:9684,05/29/24 00:22:44,595,595,0.272032982,0.254549629
381371:9686,05/29/24 06:46:06,194,194,0.079068585,0.074841393
381379:9687,05/29/24 10:50:00,833,833,0.375679298,0.350270414
381380:9687,05/29/24 16:17:34,1354,1354,0.411026631,0.398051423
381384:9691,05/30/24 05:24:04,3482,3482,1.047219727,1.003791187
381417:9694,05/31/24 13:50:23,1788,1788,0.713134575,0.675451268
381443:9696,06/01/24 12:16:15,1517,1517,0.620722355,0.587004433
381477:9700,06/02/24 11:50:04,278,278,0.116849585,0.110046666
381479:9700,06/02/24 13:58:03,434,434,0.204504526,0.191926418
381480:9700,06/02/24 16:48:38,1268,1268,0.419249073,0.403416463
381484:9701,06/03/24 03:15:04,820,820,0.374195444,0.349895653
381499:9705,06/03/24 16:18:24,196,195,0.079129243,0.073385101
381500:9705,06/03/24 17:37:39,92,92,0.043431846,0.039486604
381515:9707,06/03/24 22:01:00,514,514,0.232288512,0.213977058
381516:9707,06/04/24 01:22:53,1672,1672,0.584339399,0.556022778
381543:9708,06/04/24 14:37:55,512,512,0.235680806,0.221277706
381544:9708,06/04/24 18:12:43,1970,1970,0.638592833,0.614665462
382229:9806,06/20/24 09:39:20,313,313,0.024005971,0.022671261
382250:9808,06/20/24 16:24:45,890,890,0.224867350,0.215259687
382255:9810,06/21/24 04:47:31,97,97,0.030850582,0.028324787
382256:9810,06/21/24 05:26:51,67,67,0.031184020,0.027662524
382257:9810,06/21/24 06:11:04,70,70,0.032581297,0.029028122
382258:9810,06/21/24 06:41:16,1148,1147,0.500480884,0.479563173
382262:9810,06/21/24 14:31:56,253,253,0.079528721,0.076706921
382298:9812,06/21/24 19:39:36,53,53,0.014819054,0.014301652
382299:9812,06/21/24 20:38:11,808,808,0.385782161,0.356402352
382300:9812,06/22/24 01:55:26,1186,1186,0.383863057,0.371886154
382313:9813,06/22/24 11:50:52,389,389,0.174823068,0.166462369
382314:9813,06/22/24 14:26:01,295,295,0.141770816,0.134388475
382328:9816,06/22/24 22:38:19,90,90,0.034044938,0.031049599
382329:9816,06/22/24 23:16:38,150,150,0.072058046,0.067790752
382343:9819,06/23/24 13:01:16,2208,2208,0.987462989,0.930649443
382344:9819,06/24/24 03:22:08,355,355,0.129242766,0.124753402
382504:9832,06/27/24 14:22:09,349,349,0.152199034,0.144103336
382568:9838,06/28/24 23:55:16,406,406,0.180278708,0.169846637
382580:9840,06/29/24 07:43:50,1711,1711,0.715948133,0.682358278
382594:9842,06/30/24 02:29:05,1406,1406,0.621031853,0.591226943
382595:9842,06/30/24 11:37:12,854,854,0.256700683,0.248816036
382617:9843,06/30/24 19:33:03,701,701,0.305486275,0.291525750
382626:9846,07/01/24 07:24:48,359,359,0.161094620,0.151890989
382649:9848,07/01/24 14:36:50,482,482,0.217554376,0.198646374
382650:9848,07/01/24 17:47:17,234,234,0.113407987,0.107561022
382654:9849,07/01/24 21:54:59,1641,1641,0.744738253,0.700965484
382655:9849,07/02/24 08:36:08,394,394,0.127167076,0.122715377
382656:9849,07/02/24 11:12:31,294,294,0.079482821,0.076842128
382679:9851,07/02/24 21:51:44,71,71,0.020696545,0.020178979
382684:9852,07/03/24 00:51:55,1164,1164,0.545621758,0.510844963
382685:9852,07/03/24 08:26:34,483,482,0.180507624,0.173266445
382686:9852,07/03/24 11:40:25,141,141,0.043916510,0.042603430
382725:9857,07/03/24 21:33:58,369,369,0.164112535,0.154024645
382729:9859,07/04/24 06:43:25,55,55,0.015824445,0.014847128
382730:9859,07/04/24 07:13:29,52,52,0.023610874,0.021894200
382750:9860,07/04/24 11:35:32,530,530,0.248290502,0.231928138
382752:9860,07/04/24 15:08:42,709,709,0.332578266,0.315012442
382769:9861,07/05/24 00:19:42,1522,1522,0.662622106,0.627108419
382770:9861,07/05/24 10:19:22,586,586,0.165081857,0.160030453
382791:9862,07/05/24 17:32:53,105,105,0.031593998,0.029852900
382792:9862,07/05/24 18:18:12,80,80,0.038603059,0.030994191
382794:9862,07/05/24 18:54:44,14,14,0.006763113,0.005171174
382795:9862,07/05/24 19:03:19,468,468,0.226278097,0.212466295
382799:9864,07/06/24 01:44:41,615,615,0.275874634,0.259567856
382810:9865,07/06/24 09:09:34,70,70,0.018759648,0.017842507
382811:9865,07/06/24 09:42:19,396,396,0.191173862,0.178714387
382830:9867,07/06/24 23:56:53,75,75,0.023055023,0.022208021
382834:9869,07/07/24 04:03:04,763,763,0.352518652,0.329700642
382856:9871,07/07/24 12:22:27,421,421,0.193647732,0.179581798
382878:9873,07/07/24 20:54:09,853,853,0.397912356,0.373768966
382913:9877,07/08/24 14:41:36,2287,2287,0.874063783,0.831199243
382921:9878,07/09/24 08:24:31,1185,1185,0.558390292,0.522955209
382922:9878,07/09/24 16:44:19,83,83,0.033677648,0.028906804
382924:9878,07/09/24 17:25:22,247,247,0.090267878,0.086471024
382937:9879,07/09/24 21:42:48,473,473,0.217546990,0.205299521
382960:9883,07/10/24 07:52:18,564,564,0.261250864,0.243944879
383028:9885,07/11/24 01:48:44,89,89,0.033109953,0.031053561
383034:9886,07/11/24 05:08:29,666,666,0.311394379,0.288638284
383036:9886,07/11/24 09:34:23,58,58,0.027970367,0.025656419
383134:9891,07/12/24 19:19:21,110,110,0.007794196,0.007549401
383148:9895,07/13/24 04:50:42,537,537,0.039786654,0.038715077
383153:9896,07/13/24 10:30:17,194,194,0.082377058,0.066165714
383155:9896,07/13/24 11:58:32,1854,1854,0.771148582,0.729941648
383162:9899,07/14/24 03:43:21,1531,1528,0.707565902,0.669822511
383163:9899,07/14/24 13:49:37,514,514,0.164620921,0.158275728
383173:9900,07/14/24 19:48:15,929,929,0.440114633,0.412650456
383174:9900,07/15/24 01:54:31,1022,1021,0.392341787,0.368732213
383175:9900,07/15/24 08:35:34,158,158,0.042292331,0.039568584
383247:9904,07/15/24 23:52:58,108,108,0.041872151,0.039445771
383254:9905,07/16/24 03:16:42,1228,1228,0.586382137,0.545002515
383255:9905,07/16/24 11:15:11,915,915,0.321410769,0.308294311
383275:9906,07/16/24 20:29:35,177,177,0.076443056,0.066804348
383276:9906,07/16/24 21:41:35,292,292,0.142594866,0.132986862
383277:9906,07/16/24 23:40:05,676,676,0.329269523,0.308858990
383323:9910,07/17/24 13:35:57,1259,1259,0.600356179,0.559030038
383326:9910,07/17/24 22:14:32,516,516,0.182710473,0.171528612
383363:9911,07/18/24 09:52:44,738,738,0.345484470,0.322758991
383365:9911,07/18/24 14:48:58,49,49,0.023916431,0.021406435
383366:9911,07/18/24 15:11:12,27,27,0.013257732,0.011436310
383367:9911,07/18/24 15:24:35,176,176,0.085923473,0.079772130
383368:9911,07/18/24 17:16:22,1037,1037,0.364001955,0.350574572
383377:9912,07/19/24 03:48:39,279,279,0.125675741,0.117506218
383417:9917,07/20/24 01:05:27,779,779,0.367633872,0.341281296
383418:9917,07/20/24 06:11:07,917,917,0.389630378,0.368562946
383447:9920,07/20/24 20:44:24,474,474,0.219744975,0.204785081
383448:9920,07/20/24 23:49:52,465,465,0.226771260,0.208832827
383449:9920,07/21/24 02:51:34,1248,1248,0.451933516,0.433105508
383467:9921,07/21/24 13:30:14,177,177,0.074930827,0.068788355
383468:9921,07/21/24 14:41:34,2149,2149,0.853280978,0.809333457
383485:9923,07/22/24 08:25:14,77,77,0.026079635,0.023985753
383486:9923,07/22/24 08:56:37,116,116,0.055877506,0.046273898
383487:9923,07/22/24 09:47:12,2043,2043,0.851810232,0.801120503
383496:9925,07/23/24 02:52:20,181,181,0.079273059,0.072808188
383512:9926,07/23/24 06:46:08,1755,1755,0.795734316,0.743506722
383514:9926,07/23/24 19:13:08,139,139,0.039087412,0.037844904
383536:9927,07/24/24 02:13:47,164,164,0.066722496,0.061644340
383537:9927,07/24/24 03:19:59,76,76,0.037037315,0.033085993
383541:9927,07/24/24 04:01:38,302,302,0.147092100,0.137246353
383629:9931,07/25/24 00:40:18,190,190,0.080965548,0.076448775
383630:9931,07/25/24 01:56:21,295,295,0.139621204,0.131771990
383631:9931,07/25/24 03:56:49,1675,1675,0.683067240,0.642952680
383647:9932,07/25/24 17:03:23,107,107,0.041292325,0.037929493
383648:9932,07/25/24 17:46:40,232,232,0.113112105,0.103245320
383649:9932,07/25/24 19:18:20,342,342,0.166879099,0.153987763
383650:9932,07/25/24 21:33:00,41,41,0.019996955,0.017422947
383661:9934,07/26/24 01:47:35,101,101,0.037887784,0.034630992
383662:9934,07/26/24 02:30:01,181,181,0.088125740,0.080421489
383669:9935,07/26/24 05:40:30,639,639,0.301825446,0.280457448
383687:9936,07/26/24 12:06:39,476,476,0.222398744,0.205912291
383692:9937,07/26/24 17:20:31,859,859,0.407413694,0.372048659
383693:9937,07/26/24 22:56:12,155,155,0.075363801,0.068250770
383694:9937,07/27/24 00:04:45,30,30,0.014021043,0.008790273
383695:9937,07/27/24 00:19:44,740,740,0.284000544,0.266868457
383712:9939,07/27/24 08:34:14,1552,1552,0.717822194,0.667435894
383724:9939,07/27/24 19:49:20,192,192,0.061954641,0.059779227
383740:9941,07/28/24 01:30:34,676,676,0.314920583,0.289706894
383741:9941,07/28/24 05:57:18,574,574,0.276015713,0.256253350
383756:9942,07/28/24 12:25:37,1365,1365,0.638851484,0.593227851
383758:9942,07/28/24 21:50:52,25,25,0.009579673,0.008984129
383767:9943,07/29/24 00:29:10,1603,1603,0.731624341,0.674992590
383779:9943,07/29/24 10:56:46,173,173,0.058137853,0.055796996
383811:9945,07/29/24 16:52:12,41,41,0.013117829,0.011277490
383812:9945,07/29/24 17:11:17,338,338,0.164879330,0.148482458
383813:9945,07/29/24 19:26:00,104,104,0.050648666,0.046168967
383814:9945,07/29/24 20:12:38,1244,1244,0.552183287,0.516293948
383830:9947,07/30/24 08:01:55,124,124,0.052653245,0.046428710
383832:9947,07/30/24 08:59:00,405,405,0.197862574,0.176920074
383833:9947,07/30/24 11:39:37,173,173,0.084462990,0.077340669
383834:9947,07/30/24 12:49:56,438,438,0.211337941,0.195640061
383854:9951,07/30/24 20:32:22,1088,1088,0.522252922,0.477702432
383855:9951,07/31/24 03:37:50,905,905,0.353678279,0.334599356
383900:9960,07/31/24 15:53:42,29,29,0.007608002,0.007254339
383907:9962,08/01/24 01:35:28,615,615,0.291844995,0.263918743
383908:9962,08/01/24 05:40:03,16,16,0.007796309,0.006825118
383948:9967,08/01/24 21:31:59,882,882,0.415860904,0.381120395
383949:9967,08/02/24 03:17:58,905,905,0.384975341,0.363972113
383996:9969,08/02/24 14:25:58,2192,2192,0.910386584,0.859871549
384014:9970,08/03/24 07:49:48,378,378,0.168047477,0.157862884
384029:9971,08/03/24 12:39:06,445,445,0.200373868,0.187164227
384052:9973,08/04/24 01:26:33,2136,2136,0.893682046,0.838457765
384069:9974,08/04/24 17:15:47,1220,1220,0.566243522,0.512757795
384070:9974,08/05/24 01:14:33,678,678,0.252832404,0.239685194
384124:9978,08/05/24 19:07:55,69,69,0.022908399,0.020280980
384126:9978,08/05/24 19:39:34,20,20,0.009409751,0.006196515
384127:9978,08/05/24 19:50:44,15,15,0.007085763,0.006211409
384128:9978,08/05/24 20:00:38,1613,1613,0.723393946,0.679108523
384187:9982,08/06/24 20:53:18,384,384,0.165075668,0.152179666
384188:9982,08/06/24 23:24:44,255,255,0.120536571,0.112482916
384202:9983,08/07/24 12:18:48,1760,1760,0.778186901,0.732694640
384203:9983,08/07/24 23:45:17,8,8,0.002684476,0.002246752
384204:9983,08/07/24 23:51:26,215,215,0.066824070,0.063085385
384209:9984,08/08/24 07:07:55,783,783,0.361196376,0.335666138
384238:9986,08/08/24 17:13:57,493,493,0.223888574,0.208468324
384239:9986,08/08/24 20:45:15,1321,1321,0.564535287,0.533833280
384244:9986,08/09/24 06:26:50,146,146,0.041740360,0.040442152
384264:9987,08/09/24 11:29:13,969,969,0.448868475,0.416610379
384265:9987,08/09/24 17:49:26,408,408,0.187858205,0.175941561
384290:9989,08/10/24 20:15:12,111,111,0.052207315,0.045198273
384291:9989,08/10/24 21:33:54,1630,1630,0.710115051,0.670338974
384318:9992,08/11/24 12:35:40,33,33,0.006793383,0.006442002
384322:9994,08/11/24 18:20:51,697,697,0.320912994,0.296798061
384323:9994,08/11/24 22:57:34,432,432,0.204234528,0.190735480
384331:9995,08/12/24 03:58:07,590,590,0.270133359,0.249340047
384332:9995,08/12/24 07:49:44,529,529,0.249906901,0.232187507
384377:9996,08/12/24 18:27:38,394,394,0.176983274,0.163017624
384378:9996,08/12/24 21:06:29,168,168,0.079248645,0.072147741
384380:9996,08/12/24 22:50:43,27,27,0.012801734,0.011659190
384382:9996,08/12/24 23:17:40,159,159,0.075090348,0.069747860
384383:9996,08/13/24 01:10:37,1000,1000,0.393653554,0.371602525
384406:10000,08/13/24 14:20:29,599,599,0.272459432,0.254749393
384413:10001,08/13/24 20:26:14,1950,1950,0.836264576,0.785078671
384446:10002,08/14/24 12:08:34,244,244,0.112836092,0.104970033
384464:10004,08/14/24 18:47:13,248,248,0.106510712,0.099574353
384468:10005,08/14/24 23:38:21,1912,1912,0.823416865,0.764671838
384485:10006,08/15/24 14:45:03,96,94,0.030850034,0.028696714
384486:10006,08/15/24 15:25:50,34,34,0.016056053,0.014403081
384487:10006,08/15/24 15:42:19,30,30,0.014189140,0.012818247
384489:10006,08/15/24 16:02:32,29,29,0.013695729,0.012130313
384490:10006,08/15/24 16:17:13,32,31,0.015094477,0.013151201
384491:10006,08/15/24 16:32:41,31,31,0.014607448,0.013352745
384492:10006,08/15/24 16:48:32,1611,1611,0.700176357,0.656252356
384565:10010,08/16/24 21:29:08,1711,1711,0.764598479,0.706906191
384579:10012,08/17/24 11:16:57,538,538,0.241208166,0.223616488
384591:10013,08/17/24 17:20:39,157,157,0.060342054,0.055106482
384593:10013,08/17/24 18:32:49,137,137,0.064809940,0.059915844
384610:10014,08/17/24 22:43:48,405,405,0.148806465,0.141503059
384614:10016,08/18/24 05:44:59,1255,1255,0.578354106,0.537031310
384638:10017,08/18/24 17:19:49,532,532,0.242816833,0.215016435
384644:10017,08/18/24 21:25:07,1046,1046,0.464144358,0.422844908
384933:10049,08/23/24 19:17:08,623,623,0.283044663,0.264917993
384934:10049,08/23/24 23:22:15,4,4,0.001838375,0.001653911
384935:10049,08/23/24 23:30:44,1327,1327,0.535944923,0.513185231
384950:10050,08/24/24 09:59:15,176,176,0.075239550,0.068030752
384951:10050,08/24/24 11:11:49,961,961,0.455305213,0.427961066
384963:10052,08/24/24 21:20:42,2106,2106,0.914764085,0.865539193
384981:10056,08/25/24 14:30:56,2101,2101,0.911042050,0.861979536
385012:10059,08/26/24 14:29:58,275,275,0.119112340,0.110952990
385016:10061,08/26/24 19:27:38,778,778,0.358773042,0.335244622
385094:10066,08/28/24 20:30:28,951,951,0.440651471,0.414204485
385100:10068,08/29/24 06:12:48,17,17,0.003017832,0.002818485
385127:10069,08/29/24 11:21:07,2039,2039,0.871146019,0.825127884
385134:10070,08/30/24 02:46:58,304,304,0.134076405,0.126146800
385142:10072,08/30/24 07:48:37,1936,1936,0.830723177,0.784410647
385152:10073,08/31/24 00:23:41,1160,1160,0.535344355,0.498892222
385153:10073,08/31/24 07:59:36,852,852,0.325242263,0.309915146
385168:10074,08/31/24 17:44:44,2056,2056,0.884702016,0.836420947
385178:10075,09/01/24 09:25:43,504,504,0.224807848,0.209966317
385194:10077,09/01/24 18:18:28,1401,1401,0.646676109,0.603143622
385260:10082,09/03/24 09:38:15,543,543,0.247122347,0.230334702
385281:10084,09/03/24 18:30:31,1389,1389,0.641353580,0.602759205
385284:10084,09/04/24 04:04:19,133,133,0.052594514,0.050171150
385285:10084,09/04/24 05:07:39,289,289,0.100042139,0.093605665
385286:10084,09/04/24 07:10:58,1447,1447,0.347275463,0.337701560
385311:10086,09/04/24 20:10:28,106,106,0.038387977,0.032396428
385312:10086,09/04/24 20:55:00,430,430,0.203847752,0.190825719
385324:10087,09/05/24 04:16:47,1836,1836,0.796172129,0.749702215
385354:10090,09/05/24 23:32:09,802,802,0.369147064,0.344890800
385355:10090,09/06/24 04:45:28,950,950,0.411816845,0.387817206
385383:10091,09/06/24 14:25:32,360,360,0.161290498,0.150841525
385386:10091,09/06/24 17:28:58,10,10,0.004717060,0.004230266
385387:10091,09/06/24 17:42:59,365,365,0.172846460,0.161871978
385390:10092,09/06/24 22:13:08,1652,1652,0.754229849,0.708100722
385391:10092,09/07/24 08:58:33,542,542,0.179531043,0.172423822
385408:10093,09/07/24 16:43:27,409,409,0.183934526,0.173547933
385415:10094,09/07/24 21:29:08,508,508,0.230967211,0.217383905
385422:10095,09/08/24 04:08:23,1114,1114,0.517465226,0.480462566
385423:10095,09/08/24 11:26:06,396,396,0.179813437,0.166468928
385424:10095,09/08/24 14:01:18,636,636,0.220136025,0.208788189
385437:10096,09/08/24 20:29:56,779,779,0.360407180,0.335288472
385443:10097,09/09/24 03:51:29,1555,1555,0.713802731,0.670238231
385444:10097,09/09/24 14:11:45,154,154,0.057116621,0.054311750
385447:10097,09/09/24 15:16:47,172,172,0.058984982,0.056786555
385474:10098,09/09/24 19:24:24,719,719,0.327244702,0.306988278
385478:10099,09/10/24 02:09:42,646,646,0.296261358,0.268441753
385480:10099,09/10/24 06:27:18,6,6,0.002830347,0.000154913
385481:10099,09/10/24 06:33:02,104,104,0.049101868,0.044587971
385483:10099,09/10/24 07:19:45,22,22,0.010415418,0.009101075
385484:10099,09/10/24 07:31:07,19,19,0.008937838,0.007831889
385511:10100,09/10/24 12:07:41,104,104,0.039375273,0.036618975
385512:10100,09/10/24 12:50:54,23,23,0.010876717,0.009213152
385513:10100,09/10/24 13:03:21,20,20,0.009449110,0.008170807
385514:10100,09/10/24 13:14:48,26,26,0.012370642,0.010305128
385515:10100,09/10/24 13:30:08,1639,1639,0.733475392,0.682576459
385567:10104,09/11/24 12:50:43,294,294,0.110695583,0.103255841
385568:10104,09/11/24 14:48:38,256,256,0.120329135,0.112736010
385589:10105,09/11/24 22:31:01,210,210,0.090243918,0.084658441
385591:10105,09/11/24 23:58:17,19,18,0.008944562,0.004839333
385592:10105,09/12/24 00:06:54,22,22,0.010388121,0.005437117
385604:10105,09/12/24 01:44:45,1092,1092,0.503948625,0.474411797
385606:10105,09/12/24 08:53:24,643,643,0.214662818,0.206275476
385618:10107,09/12/24 15:36:37,159,157,0.067389986,0.060904021
385619:10107,09/12/24 16:43:37,98,98,0.046403078,0.042138604
385620:10107,09/12/24 17:24:53,1782,1782,0.774317504,0.732084400
385697:10109,09/13/24 16:26:05,31,31,0.006369843,0.005924434
385712:10112,09/13/24 22:09:19,478,478,0.214713049,0.201450535
385713:10112,09/14/24 01:23:03,612,612,0.289158668,0.271404388
385727:10115,09/14/24 07:48:40,512,512,0.236440859,0.221810699
385728:10115,09/14/24 11:19:03,1108,1108,0.520018289,0.485584571
385738:10116,09/14/24 22:12:14,1701,1701,0.794954575,0.740663785
385739:10116,09/15/24 09:18:38,427,427,0.142447604,0.137202381
385754:10117,09/15/24 14:03:08,102,102,0.037832171,0.035059018
385764:10118,09/15/24 16:42:49,2216,2215,0.953628960,0.894213634
385799:10119,09/16/24 09:38:00,14,14,0.001947297,0.001739081
385801:10119,09/16/24 09:48:04,102,102,0.045739732,0.042701780
385836:10122,09/16/24 18:09:49,133,133,0.055084961,0.051838928
385842:10122,09/16/24 20:25:56,1958,1957,0.823998471,0.775502440
385863:10123,09/17/24 11:30:08,18,18,0.003415166,0.003182061
385882:10125,09/17/24 16:05:07,103,103,0.040211168,0.037882408
385887:10125,09/17/24 17:28:59,2,2,0.000956552,0.000670514
385888:10125,09/17/24 17:32:38,168,168,0.079325788,0.074568446
385889:10125,09/17/24 19:03:22,1637,1637,0.704342270,0.662574877
385908:10126,09/18/24 07:53:51,857,857,0.398309020,0.371630683
385915:10126,09/18/24 13:31:00,626,626,0.291886965,0.271180004
385933:10127,09/18/24 20:18:21,171,171,0.072312528,0.066001787
385934:10127,09/18/24 21:29:03,1229,1229,0.574259322,0.535336734
385986:10130,09/19/24 22:32:34,1995,1995,0.881769812,0.822547044
386006:10132,09/20/24 16:00:56,17,17,0.006286953,0.005508777
386008:10132,09/20/24 16:13:06,49,49,0.023038497,0.018711462
386010:10132,09/20/24 16:39:00,902,902,0.427030157,0.399767101
386025:10134,09/21/24 03:26:38,1858,1858,0.839464545,0.786410766
386279:10139,09/25/24 19:45:30,213,213,0.090608984,0.085630688
386285:10141,09/26/24 05:07:10,206,206,0.088821029,0.077891053
386308:10142,09/26/24 10:25:39,144,144,0.060664512,0.057026501
386313:10143,09/26/24 13:48:04,85,85,0.032404883,0.030763649
386319:10144,09/26/24 16:26:23,702,702,0.321985863,0.304880021
386478:10189,10/02/24 05:25:34,405,405,0.177307836,0.169060565
386505:10190,10/02/24 16:45:21,285,285,0.122307017,0.113142112
386509:10190,10/02/24 18:48:15,1032,1032,0.472553810,0.444940939
386553:10197,10/03/24 15:18:13,857,857,0.406073500,0.379080452
386554:10197,10/03/24 20:54:36,1005,1005,0.433192989,0.412413916
386592:10199,10/04/24 12:52:01,414,414,0.190561857,0.177865691
386593:10199,10/04/24 15:46:38,652,652,0.318274968,0.298663817
386594:10199,10/04/24 20:20:35,871,871,0.353906963,0.335072421
386604:10200,10/05/24 08:06:58,2002,2002,0.898405294,0.839477314
386605:10200,10/05/24 21:08:51,155,155,0.046244965,0.044711541
386614:10201,10/06/24 00:32:57,754,754,0.359024653,0.331437857
386615:10201,10/06/24 05:27:39,37,37,0.018022474,0.015984860
386616:10201,10/06/24 05:44:36,127,127,0.062064131,0.057227736
386617:10201,10/06/24 06:35:53,70,70,0.034196587,0.031707794
386618:10201,10/06/24 07:04:34,952,952,0.396845955,0.377383279
386629:10202,10/06/24 15:27:34,65,65,0.020315053,0.018559629
386630:10202,10/06/24 15:54:10,28,28,0.012779570,0.011608964
386640:10204,10/06/24 20:23:38,1161,1161,0.557072910,0.515849448
386642:10204,10/07/24 03:59:03,716,716,0.288644757,0.272393792
386661:10206,10/07/24 11:24:15,438,438,0.205469221,0.184320143
386668:10207,10/07/24 16:23:23,347,347,0.159575259,0.146234707
386672:10208,10/07/24 21:18:35,130,130,0.054559194,0.048535323
386673:10208,10/07/24 22:10:35,992,992,0.485013610,0.451952726
386679:10209,10/08/24 07:20:42,357,357,0.165919776,0.150953569
386693:10210,10/08/24 12:02:10,125,125,0.052288413,0.048488196
386694:10210,10/08/24 13:09:16,1319,1319,0.632541483,0.589415301
386702:10211,10/08/24 23:56:26,218,218,0.097274006,0.089946919
386703:10211,10/09/24 01:23:07,488,488,0.238333177,0.219819743
386704:10211,10/09/24 05:35:06,994,994,0.430846476,0.405837669
386705:10211,10/09/24 12:42:44,138,138,0.040804124,0.039047361
386764:10214,10/10/24 06:50:06,149,149,0.041368285,0.038799821
386795:10215,10/10/24 14:28:43,88,88,0.034444416,0.031951638
386801:10216,10/10/24 18:07:18,80,80,0.029899542,0.027152562
386814:10216,10/10/24 20:18:57,250,250,0.121924589,0.113816232
386851:10218,10/12/24 00:34:13,401,401,0.187264580,0.166200066
386852:10218,10/12/24 03:12:23,487,487,0.237535614,0.220571265
386853:10218,10/12/24 06:53:56,42,42,0.020512859,0.019249623
386854:10218,10/12/24 07:12:26,539,539,0.248046353,0.233102235
386863:10219,10/12/24 13:24:38,480,480,0.225406178,0.204703467
386864:10219,10/12/24 16:34:00,1491,1491,0.656834108,0.613288731
386872:10222,10/13/24 09:29:30,171,171,0.074273735,0.069331898
386873:10222,10/13/24 10:39:03,332,332,0.162098703,0.150748664
386885:10223,10/13/24 19:45:43,1368,1368,0.651333051,0.602317337
386917:10225,10/14/24 19:44:49,555,555,0.261517793,0.241078886
386924:10226,10/15/24 03:42:42,1783,1783,0.819281735,0.756947361
386925:10226,10/15/24 15:21:33,172,172,0.058402181,0.056197455
386945:10230,10/15/24 23:13:33,814,814,0.389133673,0.358957759
386951:10232,10/16/24 06:45:06,661,661,0.312982569,0.291935880
